"winery","country","avg_price","avg_score","ranking"
"Fantelli","Argentina","150.00","90.00","1"
"Aquilina","Argentina","150.00","89.00","2"
"Ca' de Calle","Argentina","175.00","89.50","3"
"Soluna","Argentina","180.00","89.00","4"
"Bodegas Fabre","Argentina","183.33","90.00","5"
"Finca Lalande","Argentina","184.29","88.71","6"
"Navarro Correas","Argentina","185.00","88.50","7"
"Clos de los Siete","Argentina","195.00","90.00","8"
"Mascota","Argentina","196.32","88.21","9"
"Familia Villanueva","Argentina","200.00","90.00","10"
"Alma de los Andes","Argentina","200.00","88.25","11"
"Benvenuto de la Serna","Argentina","213.08","88.54","12"
"Bueyes","Argentina","220.00","90.00","13"
"Yacochuya","Argentina","220.00","90.00","13"
"Durigutti","Argentina","227.69","88.58","14"
"Milo","Argentina","230.00","89.00","15"
"Finca la Celia","Argentina","230.00","88.67","16"
"Belasco de Baquedano","Argentina","233.64","88.36","17"
"Los Vencejos","Argentina","235.00","90.00","18"
"Larrea","Argentina","240.00","89.00","19"
"Don Manuel Villafa?e","Argentina","240.91","89.45","20"
"McPherson Wine Company","Australia","123.33","89.00","1"
"Inkberry","Australia","140.00","89.00","2"
"9 Mile Road","Australia","146.67","89.33","3"
"Marquis Philips","Australia","150.00","93.00","4"
"Point Ormond","Australia","150.00","92.00","5"
"Beastly Vines","Australia","150.00","89.00","6"
"Franklin Tate","Australia","150.00","88.80","7"
"Killibinbin","Australia","150.00","88.50","8"
"McWilliam's","Australia","153.33","88.33","9"
"Rocky Gully","Australia","155.00","89.50","10"
"Chambers Rosewood Vineyards","Australia","156.67","89.17","11"
"Rocland Estate","Australia","158.75","88.13","12"
"Cheviot Bridge","Australia","160.00","90.00","13"
"Ross Estate","Australia","160.00","88.50","14"
"Marlargo","Australia","162.86","88.29","15"
"Thomas Goss","Australia","163.33","89.00","16"
"Piping Shrike","Australia","170.00","90.00","17"
"Heritage Road","Australia","170.00","89.60","18"
"Insurrection","Australia","170.00","89.33","19"
"Winner's Tank","Australia","170.00","89.00","20"
"Earthworks","Australia","177.50","89.75","21"
"Cascabel","Australia","180.00","92.00","22"
"Criterion","Australia","180.00","90.00","23"
"Wit's End","Australia","180.00","89.50","24"
"Hungerford Hill","Australia","182.00","88.80","25"
"Tait Wines","Australia","185.00","89.50","26"
"Wildberry Estate","Australia","187.50","88.75","27"
"Rubus","Australia","190.00","92.00","28"
"Three Bridges","Australia","190.00","91.00","29"
"Mitchell","Australia","190.00","90.00","30"
"The Black Chook","Australia","193.33","89.33","31"
"Inkwell","Australia","200.00","91.00","32"
"Atze's Corner","Australia","200.00","90.50","33"
"Charles Cimicky","Australia","200.00","90.00","34"
"Hesketh","Australia","200.00","90.00","34"
"The Lucky Country","Australia","200.00","90.00","34"
"3 Rings","Australia","200.00","89.25","35"
"Lake Breeze","Australia","200.00","89.00","36"
"Rosedale Wines","Australia","200.00","88.33","37"
"Campbells","Australia","201.43","88.43","38"
"Sidewood","Australia","202.86","88.79","39"
"Plantagenet","Australia","203.46","89.04","40"
"Riposte","Australia","206.67","88.33","41"
"Leasingham","Australia","207.14","88.57","42"
"Kurtz Family","Australia","210.00","90.00","43"
"Maverick","Australia","215.00","89.67","44"
"Sandalford","Australia","216.00","88.20","45"
"Fairbank Sutton Grange","Australia","220.00","89.33","46"
"Fetish","Australia","220.00","89.00","47"
"Epicurean","Australia","220.00","89.00","47"
"A.T. Richardson","Australia","220.00","89.00","47"
"Morambro Creek","Australia","223.33","88.33","48"
"Mount Langi Ghiran","Australia","227.78","88.44","49"
"One Million Cuttings","Australia","230.00","90.00","50"
"Meerea Park","Australia","230.00","90.00","50"
"Yalumba","Australia","233.45","88.93","51"
"Groom","Australia","236.00","90.20","52"
"Pikes","Australia","237.78","89.44","53"
"Silkman","Australia","240.00","92.00","54"
"Schild Estate","Australia","241.00","88.40","55"
"Elderton","Australia","243.33","89.00","56"
"Wynns Coonawarra Estate","Australia","244.00","88.40","57"
"Jenke","Australia","247.50","89.50","58"
"Robert Oatley","Australia","247.69","88.85","59"
"Eschenhof Holzer","Austria","106.67","88.33","1"
"Direder","Austria","120.00","89.00","2"
"Von Donabaum","Austria","130.00","91.00","3"
"Zantho","Austria","130.00","88.30","4"
"Nastl","Austria","132.86","90.29","5"
"Hugl-Wimmer","Austria","133.33","88.17","6"
"The Dot","Austria","134.00","89.80","7"
"Winzerkeller Andau","Austria","136.67","88.27","8"
"Markus Altenburger","Austria","138.57","89.14","9"
"Broadbent","Austria","140.00","89.00","10"
"Biokult","Austria","145.00","88.75","11"
"J. Heinrich","Austria","150.00","90.00","12"
"Familie Zull","Austria","150.00","88.75","13"
"Unger","Austria","151.67","89.50","14"
"Gesellmann","Austria","153.33","89.33","15"
"Ecker","Austria","160.00","89.67","16"
"Artisan Wines DI Franz Scheider","Austria","160.00","89.40","17"
"Weingut Groiss","Austria","160.00","89.00","18"
"Forstreiter","Austria","162.94","89.24","19"
"Josef Bauer","Austria","163.33","91.00","20"
"Weingut Frank","Austria","165.00","88.75","21"
"Nadler","Austria","165.56","88.78","22"
"Mariell","Austria","170.00","88.50","23"
"Strehn","Austria","172.50","90.50","24"
"Thierry-Weber","Austria","180.00","89.00","25"
"Uwe Schiefer","Austria","184.29","91.14","26"
"Aigner","Austria","185.00","90.75","27"
"Strauss","Austria","185.65","88.17","28"
"Felsner","Austria","186.67","88.67","29"
"D?rnberg","Austria","188.30","88.62","30"
"Winzer Krems","Austria","188.94","88.08","31"
"Hafner Kosher","Austria","190.00","89.75","32"
"Zahel","Austria","192.50","90.00","33"
"Sattler","Austria","192.50","88.75","34"
"Weixelbaum","Austria","195.29","90.53","35"
"M?nzenrieder","Austria","198.57","88.43","36"
"H?pler","Austria","199.70","88.09","37"
"Meinklang","Austria","200.00","90.57","38"
"Norbert Bauer","Austria","202.00","88.40","39"
"Stadlmann","Austria","202.35","91.18","40"
"Sepp Moser","Austria","203.33","89.33","41"
"Josef Ehmoser","Austria","205.71","89.00","42"
"Gruber R?schitz","Austria","206.00","91.00","43"
"Berger","Austria","206.67","88.83","44"
"Hermann Moser","Austria","210.00","89.81","45"
"Diwald","Austria","215.00","90.00","46"
"Buchegger","Austria","216.00","90.70","47"
"Kohl","Austria","216.36","88.73","48"
"Polz","Austria","220.00","90.00","49"
"Kurt Angerer","Austria","227.50","89.63","50"
"Tement","Austria","227.69","89.54","51"
"H. & M. Hofer","Austria","228.13","88.50","52"
"Gritsch Mauritiushof","Austria","228.57","88.14","53"
"Tinhof","Austria","232.31","89.12","54"
"Artner","Austria","233.57","90.36","55"
"Zull","Austria","237.27","88.76","56"
"Laurenz V.","Austria","238.67","89.07","57"
"Sohm & Kracher","Austria","240.00","90.00","58"
"Szigeti","Austria","243.33","88.92","59"
"Schwarzb?ck","Austria","244.55","88.82","60"
"Summerer","Austria","246.00","89.20","61"
"Nittnaus Hans und Christine","Austria","246.36","89.48","62"
"Gerhard Pittnauer","Austria","247.50","91.00","63"
"Hannes Reeh","Austria","248.57","89.14","64"
"Gunter Triebaumer","Austria","249.35","88.98","65"
"Ochagavia","Chile","181.25","88.25","1"
"Lucatoni","Chile","200.00","92.00","2"
"Koyle","Chile","223.00","88.57","3"
"Valle Secreto","Chile","228.82","88.06","4"
"Flaherty","Chile","240.00","89.50","5"
"Domaine Borie de Maurel","France","80.00","89.00","1"
"Ch?teau Camelot la Chapelle","France","100.00","90.00","2"
"Ch?teau Peynaud-Bagnac","France","100.00","89.00","3"
"Ch?teau Haut Guillebot","France","100.00","89.00","3"
"Ch?teau de Fountgraves","France","100.00","89.00","3"
"Ch?teau La Roche Bazin","France","100.00","89.00","3"
"Caves de Rauzan","France","110.00","88.33","4"
"Vignobles Guy Mousset et Fils","France","120.00","89.00","5"
"Domaine Charles Thomas","France","120.00","89.00","5"
"Ch?teau Bois Malot","France","130.00","91.00","6"
"Ch?teau Haut Grand Champ","France","130.00","91.00","6"
"Domaine Serres Mazard","France","130.00","90.00","7"
"Domaine du Mouli?","France","130.00","90.00","7"
"Domaine Clair Moreau","France","130.00","90.00","7"
"Ch?teau la Chapelle Maillard","France","130.00","89.00","8"
"Ch?teau La Croix de Queynac","France","130.00","89.00","8"
"Mas des Bressades","France","132.86","89.57","9"
"Ch?teau Auguste","France","133.33","88.33","10"
"Mas Carlot","France","134.29","88.71","11"
"Domaine de la Berth?te","France","135.00","88.50","12"
"Domaine de la Vieille Cure","France","135.00","88.50","12"
"Ch?teau Bourdieu","France","135.00","88.50","12"
"Ch?teau Castel des Maures","France","136.67","88.33","13"
"Ch?teau Coste Peyrouse","France","140.00","91.00","14"
"Ch?teau Saint Baulery","France","140.00","90.00","15"
"Domaine Sangouard","France","140.00","90.00","15"
"Ch?teau Bois Chantant","France","140.00","89.00","16"
"Philippe Borlais","France","140.00","89.00","16"
"Ch?teau la Croix St-Pierre","France","140.00","89.00","16"
"Royal de Jarras","France","140.00","89.00","16"
"Henri Ehrhart","France","140.00","89.00","16"
"Ch?teau du Juge","France","140.00","88.50","17"
"C?t? Mas","France","140.00","88.50","17"
"Domaine des Tilleuls","France","141.00","88.80","18"
"Domaine Martin","France","141.43","88.29","19"
"Domaine Sorin","France","142.73","89.27","20"
"Domaines Vinet","France","143.33","89.00","21"
"Ch?teau de Nages","France","144.50","88.05","22"
"Ch?teau Fongalan","France","145.00","88.50","23"
"Domaine du Petit Clocher","France","145.00","88.20","24"
"Ch?teau Beaulieu","France","146.25","88.38","25"
"Ch?teau Haut Dina","France","146.67","91.00","26"
"Ch?teau le Peyrat","France","150.00","92.00","27"
"Ch?teau Les Combes","France","150.00","91.00","28"
"Clos la Coutale","France","150.00","91.00","28"
"Ch?teau Saint Esteve d'Uchaux","France","150.00","91.00","28"
"Ch?teau C?ne-Taillasson Sabourin","France","150.00","91.00","28"
"Bonnet-Huteau","France","150.00","90.40","29"
"Vaucher P?re et Fils","France","150.00","90.00","30"
"Ch?teau du Pitray","France","150.00","90.00","30"
"Ch?teau Tour Grand Mayne","France","150.00","90.00","30"
"Domaine de la Gaverie","France","150.00","90.00","30"
"Ch?teau Trians","France","150.00","90.00","30"
"Ch?teau la Bastidette","France","150.00","90.00","30"
"Ch?teau Maison Noble Saint Martin","France","150.00","89.50","31"
"Domaine Andr? Collonge","France","150.00","89.00","32"
"Laurens","France","150.00","89.00","32"
"Ch?teau Cl?ment Saint-Jean","France","150.00","89.00","32"
"Domaine de la Lande","France","150.00","89.00","32"
"Ch?teau Quinsac","France","150.00","89.00","32"
"Familly Val?ry","France","150.00","89.00","32"
"Ch?teau le Calvaire","France","150.00","88.33","33"
"Domaine Dubost","France","151.43","88.43","34"
"Ch?teau Ricaud","France","152.50","88.75","35"
"Domaine Houchart","France","153.00","88.05","36"
"Ch?teau La Grange Clinet","France","153.33","88.33","37"
"Ch?teau Cap Saint-Martin","France","155.00","89.00","38"
"Ch?teau du Vieux Puit","France","155.00","88.50","39"
"Ch?teau la Vivonne","France","155.00","88.50","39"
"Domaine des Carteresses","France","156.67","92.67","40"
"Domaine de Dionysos","France","156.67","89.00","41"
"Bouvet-Ladubay","France","156.67","88.44","42"
"Ch?teau Peugeais","France","157.50","88.25","43"
"Ch?teau du Donjon","France","158.33","88.50","44"
"Domaine Corne-Loup","France","160.00","92.00","45"
"Claude Lafond","France","160.00","91.00","46"
"Vignerons de Tavel","France","160.00","91.00","46"
"Ch?teau Franc Cardinal","France","160.00","91.00","46"
"Domaine Chantepierre","France","160.00","90.00","47"
"Ch?teau Jonc Blanc","France","160.00","90.00","47"
"Domaine le Renard","France","160.00","90.00","47"
"Domaine St Pierre","France","160.00","90.00","47"
"Halos de Jupiter","France","160.00","90.00","47"
"Ch?teau No?l Les Charmes","France","160.00","89.00","48"
"Ch?teau Cambon la Pelousse","France","160.00","89.00","48"
"Ch?teau Platon","France","160.00","89.00","48"
"Ch?teau Prieur? Borde-Rouge","France","160.00","89.00","48"
"Ch?teau les Conseillans","France","160.00","88.50","49"
"Ch?teau Darzac","France","160.00","88.50","49"
"Collin-Bourisset","France","160.00","88.40","50"
"Ch?teau Bovila","France","163.33","89.33","51"
"Ch?teau Trocard Monrepos","France","163.33","89.00","52"
"Les Quatre Tours","France","163.33","88.33","53"
"Koenig","France","164.29","88.29","54"
"Les Vignerons de Tavel","France","165.00","90.25","55"
"Ch?teau de Rhodes","France","165.00","90.25","55"
"Ch?teau Grand Moulin","France","165.00","89.50","56"
"Ch?teau S?n?jac","France","165.00","89.00","57"
"Ch?teau de la Jaubertie","France","166.67","88.83","58"
"Domaine Dragon","France","166.67","88.67","59"
"Domaine de l'Aujardi?re","France","166.67","88.33","60"
"Ruhlmann","France","167.06","88.41","61"
"Chateau de l'Oiselini?re","France","167.14","89.43","62"
"Castelmaure","France","167.50","88.50","63"
"Domaine d'Escausses","France","168.00","88.20","64"
"Ch?teau du Breuil","France","170.00","92.00","65"
"Ch?teau d'Antugnac","France","170.00","91.00","66"
"Ch?teau Peyrabon","France","170.00","91.00","66"
"Domaine de l'Eole","France","170.00","90.00","67"
"Ch?teau Veronique","France","170.00","90.00","67"
"Ch?teau Le Cap","France","170.00","90.00","67"
"Domaine des Pasquiers","France","170.00","90.00","67"
"Ch?teau Viella","France","170.00","90.00","67"
"Domaine des Cognettes","France","170.00","90.00","67"
"Bejot Vins et Terroirs","France","170.00","90.00","67"
"Ch?teau Bousquette","France","170.00","89.00","68"
"Ch?teau Baracan","France","170.00","89.00","68"
"Clos des Terrasses","France","170.00","89.00","68"
"Ch?teau les Tours des Verdots","France","170.00","89.00","68"
"Jean Loron","France","170.00","89.00","68"
"Clos des Justices","France","170.00","88.75","69"
"Ch?teau Riotor","France","171.67","89.67","70"
"Domaines Landron","France","172.50","90.25","71"
"Ch?teau la Jorine","France","173.33","88.33","72"
"Ch?teau des Arnauds","France","174.29","88.14","73"
"Ch?teau la Reyne","France","175.00","90.50","74"
"Ch?teau Pontoise Cabarrus","France","175.00","90.50","74"
"Ch?teau La Branne","France","175.00","90.00","75"
"Gadais P?re et Fils","France","175.00","89.29","76"
"Ch?teau du Coudray Montpensier","France","175.00","89.17","77"
"Ch?teau de Tabuteau","France","175.00","89.00","78"
"Ch?teau d'Arce","France","175.00","88.50","79"
"Ch?teau Bois Cardon","France","175.00","88.50","79"
"Domaine de l'Idylle","France","175.38","88.15","80"
"Chateau Mourgues du Gres","France","176.67","89.00","81"
"Michel Gassier","France","177.50","89.50","82"
"Ch?teau d'Angl?s","France","177.50","88.50","83"
"Famille Laplace","France","179.00","89.45","84"
"Domaine les Grands Presbyt?res","France","180.00","91.00","85"
"Ch?teau de Roquefort","France","180.00","90.50","86"
"Ch?teau Malescasse","France","180.00","90.00","87"
"Chateau de Manissy","France","180.00","90.00","87"
"Martinelle","France","180.00","90.00","87"
"Lapeyre","France","180.00","90.00","87"
"Ch?teau Tour Saint-Vincent","France","180.00","90.00","87"
"Ch?teau Picoron","France","180.00","89.50","88"
"Ch?teau Lagrave","France","180.00","89.00","89"
"Pascal Granger","France","180.00","89.00","89"
"Ch?teau de S?rame","France","180.00","89.00","89"
"Schlumberger","France","180.00","89.00","89"
"Div? Eleg?ncia","France","180.00","89.00","89"
"Ch?teau de Nardon","France","180.00","89.00","89"
"Domaine Vico","France","180.00","88.75","90"
"Ch?teau de la Cour d'Argent","France","180.00","88.50","91"
"Ch?teau Trois Moulins","France","180.00","88.50","91"
"Ch?teau Famaey","France","180.00","88.50","91"
"Domaine Cabirau","France","180.00","88.33","92"
"Domaine de la Combe au Loup","France","180.00","88.17","93"
"Ch?teau du Ch?telard","France","181.11","88.56","94"
"V?ronique G?nther-Chereau","France","181.25","90.50","95"
"Ch?teau de S?gri?s","France","181.25","88.50","96"
"Ch?teau Mayne Vieil","France","181.67","89.17","97"
"Ch?teau du Coing de Saint-Fiacre","France","182.50","88.25","98"
"Ch?teau Barbeiranne","France","183.33","89.33","99"
"Ch?teau Lestruelle","France","183.33","89.00","100"
"Meulnart P?re et Fils","France","185.00","88.50","101"
"Ch?teau de Hauterive","France","185.00","88.50","101"
"Ch?teau d'Aydie","France","185.81","89.87","102"
"Ch?teau d'Aqueria","France","186.00","90.80","103"
"Ch?teau de la Ragotiere","France","186.36","90.09","104"
"Domaine de C?tes R?mont","France","186.67","92.33","105"
"Ch?teau Tour Prignac","France","186.67","88.33","106"
"Ch?teau Moncontour","France","186.79","88.86","107"
"Provence Wine Maker","France","187.50","89.00","108"
"Les Fr?res Couillaud","France","188.33","88.33","109"
"Vignerons des Terres Secr?tes","France","188.75","88.56","110"
"Ch?teau Rives-Blanques","France","188.89","88.67","111"
"Allimant-Laugner","France","189.50","88.75","112"
"Ch?teau les Tonnelles","France","190.00","92.00","113"
"Domaine de Roche-Guillon","France","190.00","91.33","114"
"Ch?teau Chantelys","France","190.00","91.00","115"
"Domaine Saint-Aix","France","190.00","90.00","116"
"Ch?teau B?gadanet","France","190.00","90.00","116"
"Jean-Maurice Raffault","France","190.00","89.25","117"
"Domaine de la Vallongue","France","190.00","89.14","118"
"Baron Ermengaud","France","190.00","89.00","119"
"Ch?teau Monbadon","France","190.00","89.00","119"
"Les Vignobles Gueissard","France","190.00","89.00","119"
"Domaine du Dragon","France","190.00","89.00","119"
"Ch?teau des Matards","France","190.00","89.00","119"
"Ch?teau de Birot","France","190.00","88.83","120"
"Henry Marionnet","France","190.00","88.20","121"
"Ch?teau Turcaud","France","190.00","88.14","122"
"Ch?teau Chantemerle","France","192.50","89.50","123"
"Domaine Claude Branger","France","192.50","88.75","124"
"Domaine de Gry-Sablon","France","192.50","88.25","125"
"Domaine de l'Amaurigue","France","193.33","89.67","126"
"Domaine des Aspras","France","193.33","89.00","127"
"Willm","France","194.23","88.37","128"
"Ch?teau la Tonnelle","France","195.00","89.50","129"
"Domaine les Capr?oles","France","195.00","89.50","129"
"Ch?teau Puyanch?","France","195.00","89.50","129"
"Domaine Dozon","France","195.00","89.50","129"
"Domaine Ad?le Rouz?","France","195.00","88.50","130"
"Ch?teau Bertinerie","France","195.00","88.30","131"
"Ch?teau Reynon","France","196.25","89.00","132"
"L'Enclos des Braves","France","197.14","88.86","133"
"Paul Beaudet","France","197.14","88.14","134"
"Domaine du Grand Cros","France","197.50","88.75","135"
"Ch?teau Tour de Mirambeau","France","198.33","88.83","136"
"L'Ostal Cazes","France","198.33","88.50","137"
"Domaine Bertrand","France","198.57","88.29","138"
"Domaine Fond Moiroux","France","200.00","93.00","139"
"Ch?teau Capbern","France","200.00","92.50","140"
"Ch?teau du Coudray MontpensierÂ ","France","200.00","92.00","141"
"Ch?teau Couhins","France","200.00","92.00","141"
"Mas de Libian","France","200.00","92.00","141"
"Domaine Richard Rottiers","France","200.00","92.00","141"
"Domaine Capmartin","France","200.00","91.50","142"
"Ch?teau de Malengin","France","200.00","91.00","143"
"Domaine de la Bastide Blanche","France","200.00","91.00","143"
"Domaine de Vodanis","France","200.00","91.00","143"
"Ch?teau Devise d'Ardilley","France","200.00","90.67","144"
"Ch?teau Maucaillou","France","200.00","90.00","145"
"Ch?teau du Prieur? des Mourgues","France","200.00","90.00","145"
"Ch?teau Saint-Nicolas","France","200.00","90.00","145"
"Ch?teau Tour de Pez","France","200.00","90.00","145"
"Domaine Jas d'Esclans","France","200.00","90.00","145"
"Ch?teau la Roche Bazin","France","200.00","90.00","145"
"Ch?teau Fougas","France","200.00","90.00","145"
"Lucien Crochet","France","200.00","90.00","145"
"Ch?teau Hostens-Picant","France","200.00","90.00","145"
"Ch?teau Belle Coline","France","200.00","90.00","145"
"Mathilde Chapoutier S?lection","France","200.00","90.00","145"
"Ch?teau Henri Bonnaud","France","200.00","89.75","146"
"Ch?teau Saint-Didier-Parnac","France","200.00","89.69","147"
"Ch?teau la Caminade","France","200.00","89.67","148"
"Maison Saint Aix","France","200.00","89.50","149"
"Bruno Cormerais","France","200.00","89.50","149"
"Ch?teau Langlet","France","200.00","89.50","149"
"Domaine d'Eole","France","200.00","89.25","150"
"Ch?teau la Rayre","France","200.00","89.00","151"
"Domaine Chavet","France","200.00","89.00","151"
"Ch?teau Fleur du Roc","France","200.00","89.00","151"
"Commanderie de Peyrassol","France","200.00","89.00","151"
"Chateau Brisson","France","200.00","89.00","151"
"Domaine de la Graveirette","France","200.00","89.00","151"
"Ch?teau La Caussade","France","200.00","89.00","151"
"Ch?teau la Roque de By","France","200.00","89.00","151"
"Beno?t Daridan","France","200.00","88.75","152"
"Domaine Chancelle","France","200.00","88.50","153"
"Ch?teau R?al Martin","France","200.00","88.25","154"
"Ch?teau Jolys","France","200.95","89.71","155"
"Ch?teau Bel-Air","France","202.00","88.40","156"
"Domaine de Bel Air","France","202.50","90.38","157"
"Domaine de Poulvarel","France","202.50","88.50","158"
"Ch?teau K","France","202.50","88.25","159"
"Ch?teau Peyros","France","203.16","90.84","160"
"Ch?teau d'Orschwihr","France","203.33","89.67","161"
"Domaine Fond Croze","France","203.33","88.67","162"
"O'Vineyards","France","203.33","88.67","162"
"Ch?teau Tertre de Belv?s","France","203.33","88.67","162"
"Lieubeau","France","203.64","88.36","163"
"Joseph Fritsch","France","203.91","89.00","164"
"Domaine de la Pepi?re","France","204.00","89.60","165"
"Domaine de Rome","France","204.00","89.40","166"
"Ch?teau Favray","France","205.00","90.50","167"
"J?r?mie Huchet","France","205.00","90.00","168"
"Ch?teau Magdeleine Bouhou","France","205.00","89.50","169"
"Mas de Cadenet","France","205.00","88.56","170"
"Vignobles Bulliat","France","205.71","89.71","171"
"Ch?teau la Gordonne","France","206.00","88.70","172"
"Domaine du Haut Bourg","France","206.25","88.63","173"
"Trenel Fils","France","206.33","88.03","174"
"Ch?teau Manon la Lagune","France","206.67","89.67","175"
"Ch?teau M?tairie Neuve","France","206.67","89.00","176"
"Ch?teau le Doyenne","France","206.67","88.67","177"
"Domaine Michel Fonne","France","206.88","89.50","178"
"Ch?teau Th?nac","France","207.50","88.25","179"
"Ch?teau Mirambeau Papin","France","207.50","88.25","179"
"Ch?teau Saint-Pierre","France","207.78","88.22","180"
"Domaine du Moulin","France","209.23","88.46","181"
"Domaine Saint Pierre","France","210.00","93.00","182"
"Domaine du Clos Gautier","France","210.00","92.00","183"
"Domaine de l'Ecu","France","210.00","91.54","184"
"Ch?teau Fongaban","France","210.00","91.00","185"
"Ch?teau de Corbiac","France","210.00","91.00","185"
"Ch?teau le Pey","France","210.00","90.50","186"
"Domaine du Clos d'Alari","France","210.00","90.00","187"
"Ch?teau Magneau","France","210.00","90.00","187"
"Ch?teau de Ch?nas","France","210.00","89.33","188"
"Les Vignes des Pr?cheurs","France","210.00","89.00","189"
"Ch?teau Laribotte","France","210.00","89.00","189"
"Domaine de Billards","France","210.00","89.00","189"
"Guillaume Gros","France","210.00","89.00","189"
"Ch?teau Grand-Maison","France","210.00","88.20","190"
"Domaine Maby","France","211.25","88.63","191"
"Ch?teau Magnol","France","211.43","88.57","192"
"Domaine de Fondr?che","France","212.00","88.40","193"
"Ch?teau du Galoupet","France","212.50","89.75","194"
"Chateau Haut Rian","France","212.50","88.50","195"
"Ch?teau Siaurac","France","212.73","88.55","196"
"Ch?teau du Port","France","212.73","88.55","196"
"Wolfberger","France","213.06","88.14","197"
"Domaine Dumas","France","213.33","90.67","198"
"Ch?teau Landat","France","213.33","89.50","199"
"Henri Schoenheitz","France","214.06","88.72","200"
"Domaine les Fines Graves","France","215.00","91.50","201"
"Ch?teau de Fleurie","France","215.00","90.50","202"
"Ch?teau de la Grave","France","215.00","90.50","202"
"Ch?teau Belle-Vue","France","215.00","88.75","203"
"Fabien Collonge","France","216.00","89.80","204"
"Domaine de la Noblaie","France","216.67","89.33","205"
"Ch?teau Vincens","France","217.14","91.00","206"
"Domaines Dominique Piron","France","218.75","92.13","207"
"Ch?teau Vignelaure","France","218.89","91.44","208"
"Lucien Albrecht","France","219.64","88.25","209"
"Ch?teau Cissac","France","220.00","93.00","210"
"Ch?teau la Genesti?re","France","220.00","91.00","211"
"Domaine de Grand Garant","France","220.00","90.50","212"
"Bernard Defaix","France","220.00","90.00","213"
"Domaine Cheysson","France","220.00","90.00","213"
"Ch?teau Bardoulet","France","220.00","90.00","213"
"Ch?teau Kalian","France","220.00","90.00","213"
"Domaine Franck Besson","France","220.00","90.00","213"
"Ch?teau La Clari?re Laithwaite","France","220.00","90.00","213"
"Domaine le Virolys","France","220.00","90.00","213"
"Domaine des Vieilles Caves","France","220.00","90.00","213"
"Le Fervent","France","220.00","90.00","213"
"Patrick Tranchand","France","220.00","89.50","214"
"Clos de Haute-Combe","France","220.00","89.00","215"
"Domaine R?gis Champier","France","220.00","89.00","215"
"Emmanuel Fellot","France","220.00","89.00","215"
"Chateau Peybonhomme-les-Tours","France","220.00","89.00","215"
"Domaine de Valmengaux","France","220.00","89.00","215"
"Ch?teau la Fleur Peyrabon","France","220.00","89.00","215"
"Domaine Val d'Astier","France","220.00","89.00","215"
"Vignoble Brisebarre","France","220.00","88.50","216"
"Ch?teau de Chatelard","France","220.00","88.50","216"
"Robert Perroud","France","220.00","88.47","217"
"Ch?teau Paradis","France","220.00","88.29","218"
"St?phane Aviron","France","221.11","92.00","219"
"Ch?teau Rimauresq","France","221.25","89.00","220"
"Domaine Roland Schmitt","France","221.33","90.20","221"
"Domaine des Marrans","France","221.54","88.77","222"
"Domaine Jean Sipp","France","222.00","91.10","223"
"Domaine Pichot","France","222.50","88.75","224"
"L'Amandine","France","223.33","91.67","225"
"Domaine de Mourchon","France","223.33","89.00","226"
"Bestheim","France","225.00","91.75","227"
"Ch?teau Beaumont","France","225.00","91.50","228"
"Domaine Clos Gautier","France","225.00","90.50","229"
"Ch?teau de la Liquiere","France","225.00","90.00","230"
"Ch?teau de Macard","France","225.00","89.00","231"
"Ch?teau des Bormettes","France","225.00","88.75","232"
"Ch?teau Lamartine","France","225.29","91.18","233"
"Ch?teau Nozi?res","France","226.25","88.63","234"
"Ch?teau Larose-Trintaudon","France","226.67","90.33","235"
"Ch?teau de Pampelonne","France","226.67","90.33","235"
"Ch?teau Haut-Vigneau","France","226.67","89.67","236"
"Hecht & Bannier","France","226.67","88.94","237"
"Domaine Gueguen","France","226.67","88.11","238"
"Ch?teau de Gaudou","France","227.08","89.38","239"
"Domaine Chatelain","France","227.14","89.43","240"
"Bailly-Lapierre","France","227.81","88.97","241"
"Klipfel","France","228.00","88.20","242"
"Domaine du Vissoux","France","228.75","89.63","243"
"Ch?teau de Jurque","France","229.29","89.43","244"
"Ch?teau S?rilhan","France","230.00","92.00","245"
"Ch?teau la Tour de Mons","France","230.00","90.50","246"
"Domaine Harmonie des Arpents","France","230.00","90.00","247"
"Bouchi?-Chatellier","France","230.00","90.00","247"
"Domaine la Croix des Vainqueurs","France","230.00","90.00","247"
"Ch?teau Potensac","France","230.00","89.75","248"
"Domaine Philippe Raimbault","France","230.00","89.67","249"
"Alexandre Monmousseau","France","230.00","89.00","250"
"Domaine Pont de Guestres","France","230.00","89.00","250"
"Domaine du Fief aux Dames","France","230.00","89.00","250"
"Domaine de la Villaudi?re","France","230.00","89.00","250"
"Domaine Philippe Gilbert","France","230.00","89.00","250"
"Ch?teau Renard","France","230.00","89.00","250"
"Maison du Midi","France","230.00","89.00","250"
"Vindemio","France","230.00","89.00","250"
"Domaine des Mapliers","France","230.00","88.50","251"
"Ch?teau de Cruzeau","France","230.00","88.50","251"
"Ch?teau Calvimont","France","230.00","88.25","252"
"Ch?teau du Taillan","France","230.00","88.25","252"
"Figui?re","France","232.50","89.00","253"
"Ch?teau Greysac","France","232.50","88.75","254"
"Grand Enclos du Ch?teau de C?rons","France","232.50","88.50","255"
"Domaine Gavoty","France","232.50","88.25","256"
"Ch?teau Tour Bayard","France","233.33","89.33","257"
"Ch?teau des Karantes","France","233.33","88.50","258"
"Ch?teau Roubine","France","233.33","88.28","259"
"Ch?teau Gaudrelle","France","233.75","88.50","260"
"Domaine du Colombier","France","234.44","88.89","261"
"Domaine Jean-Luc Mader","France","234.44","88.11","262"
"Domaine Fernand Engel","France","234.88","89.70","263"
"Ch?teau la Mascaronne","France","235.00","90.00","264"
"Ch?teau la Vieille Cure","France","235.00","89.50","265"
"Ch?teau de Juli?nas","France","235.00","89.50","265"
"Ch?teau Haut Selve","France","235.00","89.38","266"
"Ch?teau Fourcas Hosten","France","235.00","89.00","267"
"Domaine Gerard Charvet","France","235.00","89.00","267"
"Ch?teau de Mini?re","France","235.00","88.50","268"
"Vignoble Dauny","France","235.00","88.50","268"
"Hubert Brochard","France","235.00","88.25","269"
"Ch?teau Labat","France","236.00","89.20","270"
"Ch?teau de Berne","France","236.00","88.80","271"
"Laurent Gauthier","France","236.15","89.77","272"
"Ch?teau Vitallis","France","236.25","88.88","273"
"Domaine Chaintreuil","France","236.67","89.67","274"
"Louis M?taireau","France","236.67","89.00","275"
"Domaine Jean-Paul Balland","France","237.50","90.25","276"
"Ch?teau les Valentines","France","238.00","89.33","277"
"Domaine Sainte-Marie","France","238.67","88.13","278"
"Cl?ment Klur","France","238.75","89.25","279"
"Domaine Labet","France","240.00","92.00","280"
"Domaine Vigneau-Chevreau","France","240.00","91.67","281"
"Ch?teau de Cr?zancy","France","240.00","91.00","282"
"Ch?teau Soudars","France","240.00","91.00","282"
"Ch?teau la Chapelle aux Moines","France","240.00","90.33","283"
"Ch?teau Bernadotte","France","240.00","90.33","283"
"Les Villages de Terroir Catalan","France","240.00","90.00","284"
"Vincent Roussely","France","240.00","90.00","284"
"Ch?teau Corconnac","France","240.00","90.00","284"
"Pascal & Nicolas Reverdy","France","240.00","90.00","284"
"Domaine Coudoulis","France","240.00","90.00","284"
"Domaine de la Coume du Roy","France","240.00","90.00","284"
"Meyer-Fonn?","France","240.00","90.00","284"
"Ch?teau les Graves de Lavaud","France","240.00","90.00","284"
"Ch?teau de L?oube","France","240.00","90.00","284"
"Jean Pabiot et Fils","France","240.00","90.00","284"
"Ch?teau de Br?z?","France","240.00","89.75","285"
"Clos des Bachelards","France","240.00","89.00","286"
"Ch?teau Liversan","France","240.00","88.88","287"
"Domaine G. Metz","France","240.77","90.23","288"
"Ch?teau Haut Bertinerie","France","240.83","89.08","289"
"Jean-Paul Paquet","France","241.43","88.43","290"
"Chateau Les Amoureuses","France","241.67","90.00","291"
"Domaine Cauhap?","France","241.82","92.27","292"
"Yohan Lardy","France","241.82","89.18","293"
"Ch?teau de Chantegrive","France","242.00","90.60","294"
"Ch?teau les Petits Arnauds","France","242.00","89.00","295"
"Fran?ois Baur","France","242.22","89.89","296"
"Domaine Fabrice Larochette","France","242.50","90.25","297"
"Domaine des Diables","France","242.50","89.50","298"
"Hospices de Saumur","France","242.50","88.25","299"
"Domaine de l'Hermitage","France","244.29","89.00","300"
"Louis Sipp","France","244.29","89.00","300"
"Pascal Aufranc","France","244.44","90.22","301"
"Richard Rottiers","France","245.00","91.50","302"
"Domaine du Deffends","France","245.00","91.00","303"
"Ch?teau Saincrit","France","245.00","88.50","304"
"Vincent Grall","France","245.00","88.50","304"
"Prieur? de Mont?zargues","France","245.00","88.50","304"
"Ch?teau de Pierreux","France","245.00","88.50","304"
"Ch?teau Marg?i","France","245.71","88.86","305"
"Domaine Chignard","France","246.67","91.33","306"
"Jean-Paul Brun","France","246.67","89.33","307"
"Sipp Mack","France","246.92","88.15","308"
"Domaine les Pins","France","247.69","88.77","309"
"Jean-Marc Bernhard","France","247.88","89.67","310"
"Ch?teau Gassier","France","248.33","89.67","311"
"Z?m","Germany","100.00","89.00","1"
"Nollen","Germany","100.00","89.00","1"
"Nein Lives","Germany","100.00","89.00","1"
"Blue Fish","Germany","100.00","88.25","2"
"Member's Mark","Germany","110.00","89.00","3"
"Urban","Germany","120.00","90.00","4"
"Loosen Bros.","Germany","125.00","89.38","5"
"Karl Kaspar","Germany","130.00","88.75","6"
"Carl Graff","Germany","132.50","88.88","7"
"Villa Wolf","Germany","136.30","88.44","8"
"The Seeker","Germany","140.00","89.00","9"
"Thomas Schmitt","Germany","148.00","88.80","10"
"Meierer","Germany","160.00","89.00","11"
"Kees Kieren","Germany","170.00","90.00","12"
"Desire","Germany","170.00","90.00","12"
"Oberbergen","Germany","170.00","89.00","13"
"Weingut Georg Albrecht Schneider","Germany","170.00","88.72","14"
"Carl Ehrhard","Germany","172.35","88.76","15"
"Caspari-Kappel","Germany","180.00","90.00","16"
"Schumann-N?gler","Germany","190.00","90.00","17"
"Fritz M?ller","Germany","190.00","90.00","17"
"Gr?flich von Hohenthal'Scher","Germany","190.00","89.00","18"
"J. B?umer","Germany","190.00","89.00","18"
"Bastgen","Germany","196.67","88.17","19"
"Friedrich-Wilhelm-Gymnasium","Germany","197.50","89.33","20"
"M?nchhof","Germany","200.00","91.00","21"
"G&M; Machmer","Germany","200.00","89.33","22"
"Weingut J. Faber","Germany","200.00","89.00","23"
"Von H?vel","Germany","200.00","89.00","23"
"Br?der Dr. Becker","Germany","200.00","89.00","23"
"Wegeler","Germany","200.00","89.00","23"
"Dr. Fischer","Germany","201.82","88.73","24"
"Schmitges","Germany","210.00","89.67","25"
"Gunderloch","Germany","213.33","89.67","26"
"Staatliche Weinbaudom?ne Trier","Germany","215.00","88.50","27"
"Von Schleinitz","Germany","217.69","88.88","28"
"Wachtstetter","Germany","220.00","93.00","29"
"Wagner-Stempel","Germany","220.00","91.00","30"
"Weingut Karp-Schreiber","Germany","220.00","90.00","31"
"Rainer Sauer","Germany","220.00","90.00","31"
"Margarethenhof","Germany","220.00","89.00","32"
"Nauerth-Gn?gy","Germany","222.50","89.75","33"
"Willi Haag","Germany","223.53","89.94","34"
"Bollig-Lehnert","Germany","224.74","88.74","35"
"Max Ferd. Richter","Germany","225.56","89.00","36"
"Michael Fr?hlich","Germany","226.67","88.67","37"
"Bisch?fliche Weing?ter Trier","Germany","228.21","89.86","38"
"Hansen-Lauer","Germany","230.00","90.40","39"
"Dr. Leimbrock","Germany","230.00","89.20","40"
"Pfeffingen","Germany","235.00","89.00","41"
"Ulrich Langguth","Germany","236.00","90.00","42"
"Balthasar Ress","Germany","236.25","91.13","43"
"Thanisch","Germany","237.78","90.00","44"
"Peter Nicolay","Germany","238.46","89.12","45"
"C.H. Berres","Germany","238.57","88.43","46"
"J.L. Wolf","Germany","240.00","89.00","47"
"Johann Haart","Germany","242.50","89.50","48"
"Studert-Pr?m","Germany","244.00","90.20","49"
"Eifel-Pfeiffer","Germany","245.00","90.00","50"
"Schloss Vollrads","Germany","248.70","90.74","51"
"Fattoria Kappa","Italy","120.00","91.00","1"
"Tenuta Il Faggeto","Italy","130.00","89.00","2"
"Villa Bizzarri","Italy","140.00","89.00","3"
"Franchetto","Italy","140.00","88.33","4"
"Fattoria Valacchi","Italy","150.00","89.00","5"
"Balestri Valda","Italy","150.00","88.50","6"
"Le Farnete","Italy","150.00","88.50","6"
"La Staffa","Italy","156.00","88.20","7"
"Vigna di Pettineo","Italy","158.33","88.17","8"
"Castellinuzza e Piuca","Italy","160.00","91.50","9"
"Saracco","Italy","160.00","89.50","10"
"Agricola Tamburini","Italy","160.00","89.00","11"
"San Fereolo","Italy","160.00","89.00","11"
"Piero Mancini","Italy","160.00","88.67","12"
"Tenuta di Tavignano","Italy","163.33","88.67","13"
"Cavicchioli","Italy","165.71","88.43","14"
"ColleStefano","Italy","170.00","90.00","15"
"Francesco Boschis","Italy","170.00","90.00","15"
"Colli Ripani","Italy","170.00","89.00","16"
"Giovanna Tantini","Italy","170.00","89.00","16"
"Pratello","Italy","172.50","89.00","17"
"Colli di Castelfranci","Italy","172.50","88.50","18"
"I Stefanini","Italy","173.33","90.00","19"
"Contini","Italy","173.33","89.00","20"
"Monte Antico","Italy","173.33","88.33","21"
"Rocca di Montemassi","Italy","174.44","88.11","22"
"Cascina del Pozzo","Italy","175.00","89.00","23"
"Tenuta degli Ultimi","Italy","175.00","88.50","24"
"Le Fraghe","Italy","176.67","91.33","25"
"Mongarda","Italy","177.50","90.75","26"
"Curto","Italy","178.89","89.00","27"
"Paterna","Italy","180.00","91.00","28"
"Cascina Liuzzi","Italy","180.00","90.00","29"
"Tenuta Le Calcinaie","Italy","180.00","90.00","29"
"Pilandro","Italy","180.00","89.00","30"
"Fattoria Il Lago","Italy","180.00","89.00","30"
"Judeka","Italy","180.00","89.00","30"
"Tonnino","Italy","180.00","88.80","31"
"Castello di Corbara","Italy","180.00","88.50","32"
"Il Corno","Italy","180.00","88.50","32"
"Vigne dei Mastri","Italy","180.00","88.50","32"
"Cantagallo","Italy","180.00","88.33","33"
"Cantina Produttori Cortaccia","Italy","181.67","88.17","34"
"Ronco Blanchis","Italy","182.14","88.21","35"
"Cantine Paolo Leo","Italy","183.33","88.67","36"
"Cantina del Castello","Italy","184.29","88.29","37"
"D'Antiche Terre","Italy","185.00","89.00","38"
"Anselmi","Italy","185.00","88.33","39"
"Inama","Italy","187.27","88.82","40"
"Toscolo","Italy","187.50","88.25","41"
"Marangona","Italy","187.78","90.22","42"
"Di Majo Norante","Italy","188.33","88.83","43"
"Sorelle Bronca","Italy","189.09","88.55","44"
"Letrari","Italy","190.00","91.00","45"
"Fattoria Tregole","Italy","190.00","89.67","46"
"Cantine Olivella","Italy","190.00","89.67","46"
"Le Bocce","Italy","190.00","89.33","47"
"La Quercia","Italy","190.00","89.00","48"
"Vettori","Italy","190.00","89.00","48"
"Sanfeletto","Italy","190.00","88.50","49"
"Belisario","Italy","190.00","88.20","50"
"Lucania","Italy","191.25","88.25","51"
"Tre Monti","Italy","192.73","89.36","52"
"San Benedetto","Italy","193.33","89.00","53"
"Pepi Lignana","Italy","196.67","88.33","54"
"Gradis'ciutta","Italy","199.05","89.33","55"
"Buondonno","Italy","200.00","90.00","56"
"Ca' Lojera","Italy","200.00","89.33","57"
"I Botri","Italy","200.00","89.00","58"
"Tenuta Belguardo","Italy","200.00","89.00","58"
"C? di Rajo","Italy","200.00","89.00","58"
"Comelli","Italy","200.00","88.45","59"
"Podere Castellinuzza","Italy","200.00","88.33","60"
"Ronco dei Tassi","Italy","201.11","88.11","61"
"Barone di Villagrande","Italy","201.43","90.43","62"
"Cantina Produttori Bolzano S. Maddalena/Gries","Italy","203.33","88.33","63"
"Tenuta Rapital?","Italy","203.43","88.17","64"
"Fattoria Ambra","Italy","205.00","90.75","65"
"Griesbauerhof","Italy","205.00","89.50","66"
"La Corsa","Italy","205.00","88.50","67"
"Tenuta Roveglia","Italy","206.00","91.60","68"
"Muzic","Italy","206.00","89.00","69"
"Adami","Italy","206.00","88.24","70"
"Chiesa Carlo","Italy","206.67","90.67","71"
"I Fabbri","Italy","207.50","89.75","72"
"Rotari","Italy","208.26","89.13","73"
"Alessandro Tofanari","Italy","210.00","89.00","74"
"De Forville","Italy","210.00","89.00","74"
"J. Hofstatter","Italy","210.00","88.50","75"
"Borgo Conventi","Italy","210.00","88.33","76"
"BiancaVigna","Italy","211.67","89.50","77"
"Giacomo Vico","Italy","211.82","88.09","78"
"Pasini San Giovanni","Italy","212.00","88.80","79"
"Rascioni e Cecconello","Italy","212.00","88.20","80"
"Pojer & Sandri","Italy","212.50","88.50","81"
"Fattorie Parri","Italy","213.33","88.67","82"
"Weingut Niklas","Italy","214.29","88.57","83"
"Il Brunone","Italy","215.00","89.00","84"
"Sella & Mosca","Italy","215.88","88.29","85"
"Loredan Gasparini","Italy","216.67","88.33","86"
"Falesco","Italy","216.92","88.46","87"
"Suberli","Italy","219.00","88.40","88"
"Villa a Sesta","Italy","220.00","90.00","89"
"Jankara","Italy","220.00","90.00","89"
"Nanfro","Italy","220.00","90.00","89"
"Feudo Antico","Italy","220.00","89.00","90"
"Le Senate","Italy","220.00","88.50","91"
"K?ssler","Italy","220.00","88.38","92"
"L'Antica Fornace di Ridolfo","Italy","220.00","88.33","93"
"La Tunella","Italy","220.91","88.18","94"
"Corte Moschina","Italy","221.43","88.43","95"
"Vigne Surrau","Italy","222.50","90.13","96"
"Tenute Lunelli","Italy","222.50","89.88","97"
"Ancilla","Italy","223.33","88.67","98"
"Castelvecchio","Italy","223.75","88.63","99"
"Paltrinieri","Italy","225.00","90.38","100"
"Marchiori","Italy","225.00","90.00","101"
"Librandi","Italy","225.79","88.26","102"
"Alberto Longo","Italy","226.00","89.20","103"
"Nals Margreid","Italy","226.45","88.55","104"
"I Veroni","Italy","227.00","88.60","105"
"Cantina Cortaccia","Italy","228.57","88.57","106"
"Fattoria San Felo","Italy","229.09","88.18","107"
"Le Casematte","Italy","230.00","91.38","108"
"Ciro Picariello","Italy","230.00","91.00","109"
"Eredi Enzo Raspi","Italy","230.00","90.00","110"
"Centovigne","Italy","232.50","90.50","111"
"Gilberto Boniperti","Italy","233.33","88.33","112"
"Coffele","Italy","233.33","88.33","112"
"Andreola","Italy","234.67","88.20","113"
"Tenuta di Capraia","Italy","236.00","89.40","114"
"Ca' dei Zago","Italy","240.00","90.00","115"
"Baron Widmann","Italy","240.00","90.00","115"
"Carobbio","Italy","240.00","90.00","115"
"Gabriele Valeriani","Italy","240.00","90.00","115"
"Sturm","Italy","240.00","89.25","116"
"Amastuola","Italy","240.00","89.00","117"
"Montauto","Italy","240.00","89.00","117"
"Umani Ronchi","Italy","241.11","88.13","118"
"Castello di Monterinaldi","Italy","241.25","88.75","119"
"Aia Vecchia","Italy","241.25","88.25","120"
"Tramin","Italy","241.58","88.16","121"
"Cave du Vin Blanc de Morgex et de la Salle","Italy","242.00","88.20","122"
"Le Morette","Italy","242.86","90.14","123"
"Selvapiana","Italy","243.33","90.33","124"
"Marchesi Incisa della Rocchetta","Italy","243.33","90.00","125"
"Sandro de Bruno","Italy","243.33","88.33","126"
"Val delle Rose","Italy","244.44","88.11","127"
"Cascina Castlet","Italy","245.00","88.33","128"
"Tenuta di Ceppaiano","Italy","246.00","89.20","129"
"Casale della Ioria","Italy","246.00","89.00","130"
"Bortolin Angelo","Italy","246.67","89.67","131"
"Franz Gojer-Gl?gglhof","Italy","246.67","89.22","132"
"Ottella","Italy","246.92","90.54","133"
"Tormaresca","Italy","247.69","88.85","134"
"Montesole","Italy","248.00","88.20","135"
"Vilalva","Portugal","100.00","91.00","1"
"Pedra Cancela","Portugal","103.33","89.67","2"
"Quinta de Pancas","Portugal","120.00","89.00","3"
"Quinta Vale de Fornos","Portugal","120.00","89.00","3"
"Castello d'Alba","Portugal","137.50","88.13","4"
"Luis Pato","Portugal","144.00","90.00","5"
"Nelson Neves","Portugal","152.00","88.80","6"
"Casa do Valle","Portugal","155.88","88.12","7"
"Moura Basto","Portugal","156.67","88.67","8"
"Provam","Portugal","160.00","91.60","9"
"Quarles Harris","Portugal","160.00","89.67","10"
"Terras de Alter","Portugal","160.47","88.14","11"
"Quinta do Sobral","Portugal","162.50","89.50","12"
"Perescuma","Portugal","165.83","88.33","13"
"Manuel Carvalho Martins","Portugal","166.00","90.20","14"
"Pinhal da Torre","Portugal","168.33","89.42","15"
"Herdade de S?o Miguel","Portugal","170.00","88.14","16"
"Monte da Ravasqueira","Portugal","170.53","88.11","17"
"Anselmo Mendes","Portugal","172.50","90.00","18"
"Manzwine","Portugal","173.75","88.63","19"
"Encostas de Estremoz","Portugal","176.25","88.75","20"
"Ata?de Semedo","Portugal","180.00","91.00","21"
"Quinta das Apegadas","Portugal","180.00","90.00","22"
"Quinta da Nespereira","Portugal","180.00","90.00","22"
"Douro Prime","Portugal","180.00","89.33","23"
"Porca de Mur?a","Portugal","180.00","88.50","24"
"Valle da Fonte","Portugal","182.50","89.00","25"
"Antonio Lopes Ribeiro","Portugal","183.33","89.00","26"
"Quinta da Rede","Portugal","185.00","89.45","27"
"Quinta do Ameal","Portugal","186.67","90.33","28"
"Caves Dom Teodosio","Portugal","190.00","89.50","29"
"Terra d'Alter","Portugal","192.86","88.43","30"
"Magnum Vinhos","Portugal","193.21","89.57","31"
"Rui Roboredo Madeira","Portugal","193.61","88.69","32"
"Quinta dos Roques","Portugal","195.00","89.00","33"
"CARM","Portugal","195.29","88.76","34"
"Vila da Fonte","Portugal","200.00","92.00","35"
"J. H. Andresen","Portugal","200.00","89.00","36"
"Ma?anita Vinhos","Portugal","200.00","89.00","36"
"Herdade do Espor?o","Portugal","208.27","88.15","37"
"Casa Agricola Alexandre Relvas","Portugal","209.75","89.13","38"
"Monte dos Caba?os","Portugal","210.00","91.00","39"
"Lavradores de Feitoria","Portugal","212.94","88.06","40"
"Real Companhia Velha","Portugal","213.59","88.18","41"
"Herdade Grande","Portugal","214.29","88.14","42"
"Evel","Portugal","215.00","89.00","43"
"Quinta do Pinto","Portugal","216.67","89.83","44"
"Herdade de Medeiros","Portugal","216.67","88.67","45"
"Quinta de Chocapalha","Portugal","217.24","89.55","46"
"Adega de Favaios","Portugal","220.00","89.00","47"
"Quinta de S?o Sebasti?o","Portugal","223.33","88.33","48"
"D?o Sul","Portugal","225.54","88.95","49"
"Companhia das Quintas","Portugal","227.06","89.14","50"
"Dona Maria-J?lio Bastos","Portugal","232.73","88.59","51"
"Quinta de Sant'Ana","Portugal","234.76","89.19","52"
"Van Zellers","Portugal","236.00","89.00","53"
"Quinta do Filoco","Portugal","236.67","89.67","54"
"Quinta do Quetzal","Portugal","237.14","89.86","55"
"Quinta do Portal","Portugal","237.27","88.68","56"
"Filipa Pato","Portugal","240.00","90.00","57"
"Herdade das Servas","Portugal","242.14","89.14","58"
"Quanta Terra","Portugal","246.00","89.20","59"
"Herdade do Rocim","Portugal","246.43","88.33","60"
"Vi?a Cumbrero","Spain","100.00","90.00","1"
"Vega Mont?n","Spain","100.00","89.00","2"
"Pemart?n","Spain","130.00","89.00","3"
"Conde Ansurez","Spain","130.00","89.00","3"
"Valdelamillo","Spain","130.00","89.00","3"
"Temps de Flors","Spain","140.00","89.00","4"
"Burg?ns","Spain","140.00","89.00","4"
"Vi?a Cart?n","Spain","140.00","89.00","4"
"Bodegas Garci Grande","Spain","140.00","89.00","4"
"Leira","Spain","150.00","90.00","5"
"Bodegas Eidosela","Spain","150.00","90.00","5"
"Cava Blancher","Spain","150.00","89.00","6"
"Sonim","Spain","150.00","89.00","6"
"Vi?a Almirante","Spain","150.00","89.00","6"
"Garciar?valo","Spain","150.00","89.00","6"
"Bodegas Piedemonte","Spain","150.00","89.00","6"
"Aderezo","Spain","150.00","89.00","6"
"Ophalum","Spain","150.00","89.00","6"
"Condes de Albarei","Spain","152.22","88.11","7"
"Vi?estral","Spain","155.00","88.50","8"
"Monte Pinadillo","Spain","160.00","90.00","9"
"Icono","Spain","160.00","89.00","10"
"Genio Espa?ol","Spain","160.00","89.00","10"
"Aspaldi","Spain","160.00","88.75","11"
"Val do Sosego","Spain","162.00","88.40","12"
"Nessa","Spain","166.00","88.20","13"
"Montserrat Canals Torres","Spain","170.00","89.00","14"
"Fuerza","Spain","170.00","89.00","14"
"Mar de Vi?as","Spain","170.00","88.75","15"
"Montsarra","Spain","170.00","88.33","16"
"Terra do Castelo","Spain","171.67","88.17","17"
"Obalo","Spain","172.86","88.43","18"
"Bodegas Perica","Spain","173.33","88.67","19"
"Picolino","Spain","175.00","88.50","20"
"Vin?cola Hidalgo","Spain","180.00","92.00","21"
"Bracamonte","Spain","180.00","90.00","22"
"Adega Algueira","Spain","180.00","90.00","22"
"Cameron Hughes","Spain","180.00","89.00","23"
"Vilerma","Spain","180.00","89.00","23"
"Simu?","Spain","180.00","89.00","23"
"Cuatro Rayas","Spain","180.00","89.00","23"
"Morgad?o","Spain","181.43","89.00","24"
"J. & F. Lurton","Spain","186.67","88.33","25"
"Vetus","Spain","187.50","90.00","26"
"Muruve","Spain","188.75","90.38","27"
"Clos Ventana","Spain","190.00","91.00","28"
"Vi?a Olvido","Spain","190.00","89.00","29"
"Finca Teira","Spain","190.00","89.00","29"
"Trit?n","Spain","190.00","88.67","30"
"Finca de Arantei","Spain","190.00","88.33","31"
"Nora","Spain","190.91","88.18","32"
"Bodegas Carchelo","Spain","191.67","88.33","33"
"Granbaz?n","Spain","195.00","90.00","34"
"Vi?a Mein","Spain","195.00","90.00","34"
"Agr?cola Labastida","Spain","195.00","89.00","35"
"Regina Viarum","Spain","200.00","91.00","36"
"Castro Brey","Spain","200.00","90.00","37"
"Cruz Montesa","Spain","200.00","89.00","38"
"Rectoral do Mar","Spain","200.00","89.00","38"
"Finca Arantei","Spain","200.00","89.00","38"
"Terras de Lanta?o","Spain","200.00","89.00","38"
"Tio Pepe","Spain","200.00","89.00","38"
"Bodegas Berceo","Spain","200.00","88.25","39"
"Jaspi","Spain","201.43","88.57","40"
"Adega Cach?n","Spain","205.00","89.00","41"
"Got?n del Risc","Spain","206.67","89.33","42"
"Comenge","Spain","206.67","88.17","43"
"As Laxas","Spain","207.14","90.57","44"
"Torrederos","Spain","207.50","88.50","45"
"Cellers Sant Rafel","Spain","210.00","91.00","46"
"Clos Barenys","Spain","210.00","89.00","47"
"Bodegas Dios Baco S.L.","Spain","212.00","89.92","48"
"Se?or?o de Sotillo","Spain","214.44","88.11","49"
"Cellers Uni?","Spain","214.67","88.40","50"
"Tierra Aranda","Spain","215.00","90.00","51"
"Torell?","Spain","215.00","88.50","52"
"Verema","Spain","215.00","88.50","52"
"Covila","Spain","215.45","88.36","53"
"Paco & Lola","Spain","217.14","88.14","54"
"Marqu?s de la Concordia","Spain","218.68","88.03","55"
"Maior de Mendoza","Spain","218.89","88.22","56"
"B?goa do Mi?o","Spain","220.00","91.00","57"
"Abad?a de Ac?n","Spain","220.00","90.00","58"
"Solar de Castro","Spain","220.00","90.00","58"
"Vi?edos Real Rubio","Spain","220.00","90.00","58"
"Recoletas","Spain","220.00","89.50","59"
"Finca La Mata","Spain","220.00","89.33","60"
"Rexach Baqu?s","Spain","220.00","89.00","61"
"Sierra Cantabria","Spain","220.00","88.04","62"
"Celler B?rbara For?s","Spain","224.55","88.27","63"
"Valtosca","Spain","230.00","90.00","64"
"Jos? Pariente","Spain","230.00","90.00","64"
"Adega dos Eidos","Spain","230.00","89.67","65"
"Vega Escal","Spain","230.00","89.00","66"
"La Gre?a","Spain","230.00","89.00","66"
"La Ca?a","Spain","231.82","88.18","67"
"Peique","Spain","232.50","88.50","68"
"Convento de Las Claras","Spain","233.33","89.33","69"
"Perelada","Spain","234.29","89.43","70"
"Bodegas Bilbainas","Spain","234.71","88.06","71"
"Museum","Spain","237.50","89.50","72"
"Alvear","Spain","239.23","90.69","73"
"Navarro","Spain","240.00","92.00","74"
"Plumia","Spain","240.00","92.00","74"
"Pe?agudo","Spain","240.00","91.00","75"
"Tres Patas","Spain","240.00","91.00","75"
"Montevannos","Spain","240.00","91.00","75"
"Orballo","Spain","240.00","89.00","76"
"D. Ventura","Spain","240.00","89.00","76"
"Vizcarra","Spain","240.00","89.00","76"
"Launa","Spain","242.86","88.43","77"
"Terras Gauda","Spain","243.33","88.93","78"
"Finca Sobre?o","Spain","243.33","88.67","79"
"Blanco Nieva","Spain","244.62","88.46","80"
"Estefania","Spain","245.00","88.75","81"
"Adegas Gran Vinum","Spain","245.56","89.56","82"
"Venta del Puerto","Spain","247.50","90.25","83"
"Hyatt Vineyards","US","90.00","90.00","1"
"Rendition","US","90.00","90.00","1"
"Ancient Roots","US","90.00","89.00","2"
"La Famiglia di Robert Mondavi","US","110.00","90.00","3"
"Now Presenting...","US","120.00","90.00","4"
"Carson Scott","US","120.00","89.00","5"
"Eufloria","US","124.00","88.20","6"
"Broken Clouds","US","126.67","88.33","7"
"The Winemaker's Loft","US","130.00","90.00","8"
"Barrel Ranch","US","130.00","90.00","8"
"All About Red","US","130.00","89.00","9"
"Attic Cellar","US","130.00","89.00","9"
"Simple Life","US","130.00","89.00","9"
"Honker Blanc","US","130.00","88.50","10"
"M?nage a Trois","US","130.00","88.50","10"
"Frost Bitten","US","135.00","88.50","11"
"Electra","US","140.00","90.00","12"
"Moon Eyes","US","140.00","90.00","12"
"Wondrous","US","140.00","90.00","12"
"Stone Wolf","US","140.00","89.00","13"
"Barbed Wire","US","140.00","89.00","13"
"Ghostrider","US","140.00","89.00","13"
"Wines Gone Wild","US","140.00","89.00","13"
"O'Reilly's","US","140.00","88.50","14"
"Red Electra","US","140.00","88.50","14"
"Disruption","US","143.33","88.67","15"
"Banyan","US","145.00","88.50","16"
"Za Zin","US","150.00","92.00","17"
"Berryhill","US","150.00","91.00","18"
"Contour","US","150.00","91.00","18"
"The Jack","US","150.00","91.00","18"
"Mackey Vineyards","US","150.00","90.00","19"
"Cuv?e Lucia","US","150.00","90.00","19"
"Fidelity","US","150.00","89.50","20"
"Julia James","US","150.00","89.00","21"
"Harken","US","150.00","89.00","21"
"Redd Brand","US","150.00","88.50","22"
"Balancing Act","US","150.00","88.33","23"
"Sola","US","150.00","88.25","24"
"Acrobat","US","154.67","88.13","25"
"Treveri Cellars","US","158.00","88.60","26"
"A to Z","US","159.67","88.30","27"
"Sorelle Per Sempre","US","160.00","91.00","28"
"Bin 36","US","160.00","91.00","28"
"Cascadia","US","160.00","90.00","29"
"SoDo","US","160.00","89.67","30"
"Kelby James Russell","US","160.00","89.33","31"
"Sharecropper's","US","160.00","89.00","32"
"Black Saint Peter","US","165.00","88.50","33"
"Wild Thing","US","165.00","88.50","33"
"Barrymore","US","165.00","88.50","33"
"Lujon","US","166.88","89.13","34"
"Julia's Dazzle","US","167.50","88.75","35"
"Purple Star","US","168.57","88.57","36"
"Barnard Griffin","US","168.86","88.37","37"
"Conveyance","US","170.00","89.00","38"
"Pike Road","US","170.00","89.00","38"
"Davenport Cellars","US","170.00","89.00","38"
"Nine Hats","US","171.67","88.42","39"
"Pendulum","US","172.00","88.40","40"
"Tangent","US","172.68","89.17","41"
"Philip Staley","US","173.33","88.33","42"
"People's Wine Revolution","US","174.00","88.80","43"
"Patianna","US","175.00","89.33","44"
"Camp","US","176.00","88.30","45"
"Renaudin","US","180.00","92.00","46"
"pb","US","180.00","92.00","46"
"Joey Tensley","US","180.00","92.00","46"
"Empire Estate","US","180.00","91.00","47"
"Jamieson Canyon","US","180.00","90.33","48"
"Michael Bernard","US","180.00","90.00","49"
"McClean","US","180.00","90.00","49"
"Cuneo","US","180.00","90.00","49"
"Barrymore by Carmel Road","US","180.00","90.00","49"
"Oregon Territory","US","180.00","89.50","50"
"Dancing Crow","US","180.00","89.00","51"
"Walter Scott","US","180.00","89.00","51"
"The Leader","US","180.00","89.00","51"
"T.A.T.T","US","180.00","89.00","51"
"Big Smooth","US","180.00","88.50","52"
"Boeger","US","181.89","88.68","53"
"Liberated","US","182.00","88.20","54"
"Criss Cross","US","182.86","88.29","55"
"Birichino","US","183.33","88.67","56"
"The Girls in the Vineyard","US","184.00","88.40","57"
"Raconteur","US","185.00","89.50","58"
"Dr. Konstantin Frank","US","185.23","88.37","59"
"Vino La Monarcha","US","186.00","89.00","60"
"Tinto Rey","US","186.67","89.00","61"
"Kopriva","US","186.67","88.67","62"
"Graziano","US","187.93","88.59","63"
"Hedges Family Estate","US","188.57","88.57","64"
"1000 Stories","US","190.00","90.50","65"
"Once and It's Gone","US","190.00","90.50","65"
"Kali Hart","US","190.00","90.00","66"
"Ex","US","190.00","89.50","67"
"AntoLin Cellars","US","191.43","88.57","68"
"Arbor Crest","US","191.94","89.13","69"
"Pacific Rim","US","192.00","88.96","70"
"Husch","US","192.00","88.04","71"
"Sea Monster","US","192.50","89.25","72"
"Rabble","US","192.86","88.43","73"
"Freakshow","US","193.33","90.00","74"
"Carneros Highway","US","193.33","88.33","75"
"Bishop's Peak","US","194.62","88.08","76"
"Vintage Cowboy","US","195.00","89.00","77"
"Uvaggio","US","195.38","90.23","78"
"Cor Cellars","US","198.33","88.08","79"
"Omen","US","200.00","92.50","80"
"La Grande C?te","US","200.00","92.00","81"
"Mensch","US","200.00","91.00","82"
"Clone 7","US","200.00","91.00","82"
"Gifft","US","200.00","91.00","82"
"Hilt & Blade","US","200.00","91.00","82"
"Nacina","US","200.00","91.00","82"
"Zocker","US","200.00","90.44","83"
"Gain Bay","US","200.00","90.00","84"
"Toquade","US","200.00","90.00","84"
"Trollop","US","200.00","90.00","84"
"District 7 Wines","US","200.00","90.00","84"
"Mythology","US","200.00","90.00","84"
"Cardinal Zin","US","200.00","89.00","85"
"Espana Robles","US","200.00","89.00","85"
"Braveheart","US","200.00","89.00","85"
"Point Concepci?n","US","200.00","89.00","85"
"Locations","US","200.00","89.00","85"
"Drops of Jupiter","US","200.00","89.00","85"
"Champy","US","200.00","89.00","85"
"Au Jus","US","200.00","89.00","85"
"Eugene Wine Cellars","US","200.00","89.00","85"
"ded.reckoning","US","200.00","88.50","86"
"Seven Sails","US","200.00","88.33","87"
"Bokisch","US","201.43","91.14","88"
"Scenic Valley Farms","US","202.50","89.75","89"
"Ch?teau Souverain","US","202.50","88.63","90"
"Ardenvoir","US","202.86","91.00","91"
"Irwin Family Vineyards","US","204.00","89.00","92"
"Trinity River","US","205.00","88.25","93"
"Southard","US","205.45","91.36","94"
"Bonterra","US","205.52","88.22","95"
"Twenty Bench","US","206.67","88.67","96"
"Saint Gregory","US","206.67","88.07","97"
"Le P'tit Paysan","US","208.33","89.50","98"
"Grace Cellars","US","210.00","90.00","99"
"AJB Vineyards","US","210.00","90.00","99"
"Alma de Cattleya","US","210.00","89.67","100"
"Tenshen","US","210.00","89.43","101"
"True Myth","US","210.00","88.17","102"
"Scharffenberger","US","213.08","90.00","103"
"Force of Nature","US","213.33","88.33","104"
"Idilico","US","214.00","90.40","105"
"Keuka Lake Vineyards","US","214.21","88.47","106"
"Underground Wine Project","US","214.44","88.78","107"
"Thurston Wolfe","US","214.47","88.58","108"
"Verdad","US","215.00","91.00","109"
"Buttonwood","US","215.00","89.42","110"
"Salida","US","215.00","89.00","111"
"Monte Smith","US","215.00","88.75","112"
"Turkovich","US","215.00","88.50","113"
"Illahe","US","215.00","88.08","114"
"Markus Wine Co","US","215.56","90.00","115"
"Viento","US","215.63","89.13","116"
"Quady","US","215.88","89.88","117"
"La Clarine Farm","US","215.88","89.65","118"
"Logan","US","220.00","91.00","119"
"L'Ptit Paysan","US","220.00","91.00","119"
"Los Padres","US","220.00","91.00","119"
"Malene Wines","US","220.00","91.00","119"
"Intrinsic","US","220.00","90.00","120"
"MaidenStoen","US","220.00","90.00","120"
"Rain Dance","US","220.00","90.00","120"
"Black Magnolia","US","220.00","90.00","120"
"Louis Pommery","US","220.00","90.00","120"
"Mia Bea","US","220.00","90.00","120"
"H Mynors","US","220.00","89.00","121"
"Steltzner","US","220.00","89.00","121"
"Green & Red","US","220.00","89.00","121"
"Haka by Labyrinth","US","220.00","89.00","121"
"Red Newt Cellars","US","220.00","88.04","122"
"Chateau Ste. Michelle","US","220.73","88.74","123"
"Brandborg","US","221.05","88.63","124"
"Bodkin","US","221.11","90.22","125"
"Brigadoon","US","221.11","89.44","126"
"Trio Vintners","US","221.67","88.25","127"
"Colter's Creek","US","221.76","88.29","128"
"Monte Ferro","US","222.00","88.60","129"
"Spindrift Cellars","US","222.37","88.13","130"
"Angel Vine","US","222.92","89.25","131"
"Terra d'Oro","US","223.10","88.74","132"
"Ryan Patrick","US","223.10","88.14","133"
"Velocity","US","223.33","89.00","134"
"Hovey","US","223.64","88.18","135"
"Horse & Plow","US","224.12","88.06","136"
"Brophy Clark","US","224.62","88.92","137"
"Heitz","US","225.00","91.50","138"
"Lookout Point","US","225.00","89.00","139"
"Ammunition","US","225.00","88.50","140"
"Moon Mountain Vineyard","US","225.00","88.50","140"
"Meiomi","US","225.71","88.29","141"
"Mannina Cellars","US","226.43","88.14","142"
"Les Trouv?s","US","226.67","91.00","143"
"J. Scott Cellars","US","226.76","88.11","144"
"River's Edge","US","226.92","89.08","145"
"Chesebro","US","227.27","89.36","146"
"Upper Five","US","228.00","88.40","147"
"Briceland","US","228.33","89.50","148"
"Atrea","US","228.75","89.50","149"
"Steorra","US","230.00","90.00","150"
"Slingshot","US","230.00","89.00","151"
"Quinta Cruz","US","230.00","88.88","152"
"Ternion","US","230.00","88.67","153"
"Calavera","US","230.00","88.50","154"
"Mettler Family Vineyards","US","230.00","88.10","155"
"Navarro","US","230.14","89.65","156"
"Red Tail Ridge","US","230.56","88.11","157"
"Boundary Breaks","US","232.50","90.38","158"
"Thirty-Seven Wines","US","233.33","90.67","159"
"Kendall-Jackson","US","233.81","88.50","160"
"Daniel Cohn","US","235.00","89.50","161"
"Casey Flat Ranch","US","235.00","88.75","162"
"Ancient Peaks","US","235.96","88.11","163"
"Bench","US","236.00","88.60","164"
"Lynch Wines","US","236.67","91.33","165"
"Panache Cellars","US","236.67","90.33","166"
"Nelms Road","US","236.67","89.00","167"
"Kiona","US","237.44","89.23","168"
"Vino Noceto","US","237.50","89.00","169"
"Starmont","US","237.69","88.81","170"
"Holly's Hill","US","237.73","88.23","171"
"Andis","US","237.75","88.73","172"
"Channing Daughters","US","238.70","88.83","173"
"Eruption","US","240.00","92.00","174"
"Di Bruno","US","240.00","92.00","174"
"H?roe","US","240.00","91.00","175"
"Pessagno Winery","US","240.00","91.00","175"
"Le Mulet Rouge","US","240.00","90.67","176"
"Paetra","US","240.00","90.20","177"
"Fifi","US","240.00","90.00","178"
"La Ple?ade II","US","240.00","90.00","178"
"Hocus Pocus","US","240.00","90.00","178"
"Broc Cellars","US","240.00","90.00","178"
"1850","US","240.00","89.33","179"
"Kendric Vineyards","US","240.00","89.00","180"
"Morro View Winery","US","240.00","89.00","180"
"Serena's Vineyard","US","240.00","89.00","180"
"Atticus","US","240.00","88.67","181"
"Noble Estate","US","240.00","88.67","181"
"Vina Robles","US","240.41","88.14","182"
"Sierra Starr","US","240.77","88.23","183"
"Wolff","US","240.91","88.55","184"
"Shannon Ridge","US","241.22","88.07","185"
"J Wilkes","US","241.67","88.33","186"
"Board Track Racer","US","242.50","88.50","187"
"Shinn Estate","US","243.33","89.33","188"
"Acquiesce","US","243.33","88.33","189"
"LaZarre","US","244.00","88.20","190"
"Turchi","US","245.00","90.00","191"
"Whitman Cellars","US","245.00","89.17","192"
"College Cellars","US","245.00","88.28","193"
"Cloudlift Cellars","US","245.31","88.03","194"
"Joseph Carr","US","245.38","89.46","195"
"Lumos","US","245.45","88.27","196"
"Klinker Brick","US","245.59","89.21","197"
"Jamieson Ranch","US","245.63","88.38","198"
"Helwig","US","245.79","88.79","199"
"Onesta","US","246.67","90.50","200"
"Bookwalter","US","246.67","88.67","201"
"Stargazer Barn","US","246.67","88.33","202"
"Spicerack","US","246.67","88.33","202"
"Standing Sun","US","246.67","88.13","203"
"Abacela","US","246.93","88.43","204"
"Paul Dolan","US","247.24","88.38","205"
"Jolet?","US","247.27","88.18","206"
"Oak Farm","US","247.65","88.76","207"
"Beast","US","248.00","90.20","208"
"Steele","US","248.00","88.80","209"
"Rulo","US","248.18","91.82","210"
"Bel Lago","US","248.33","88.67","211"
"Milbrandt","US","249.05","88.35","212"
